product,LGBM,MLP,RandomForest,Ridge,XGBoost,average,stack
artichoke,0.92451,0.8801,0.90484,0.86274,0.93962,0.94329,0.92335
cabbage,0.84326,0.61299,0.90454,0.70202,0.89758,0.89863,0.90615
cilantro,0.75246,0.82544,0.69692,0.84229,0.7854,0.80666,0.7244
daikon,0.91438,0.92688,0.92275,0.90886,0.91011,0.93172,0.88116
garlic,0.93251,0.90563,0.95103,0.8971,0.94075,0.94571,0.95077
onion,0.94393,0.94107,0.95268,0.94004,0.94856,0.94374,0.9411
radish,0.88048,0.0,0.91673,0.80715,0.89488,0.91381,0.89225
